{
	"record.danger_fantasy": {
		"sounds": [
		{
			"name" : "custom/danger_fantasy",
			"stream" : true
		}
		]
	},
	"record.lone_warrior": {
		"sounds": [
		{
			"name" : "custom/lone_warrior",
			"stream" : true
		}
		]
	},
	"record.far_in_the_valley": {
		"sounds": [
		{
			"name" : "custom/far_in_the_valley",
			"stream" : true
		}
		]
	},
	"record.lobby_1": {
		"sounds": [
		{
			"name" : "custom/lobby_1",
			"stream" : true
		}
		]
	},
	"record.memories": {
		"sounds": [
		{
			"name" : "custom/memories",
			"stream" : true
		}
		]
	},
	"empty_sound": {
		"sounds": [
		{
			"name" : "custom/empty_sound",
			"stream" : false
		}
		]
	},
	"empty": {
		"sounds": [
		{
			"name" : "custom/empty",
			"stream" : false
		}
		]
	}
}