{
    "providers": [
        {
            "type": "bitmap",
            "file": "minecraft:custom/shade.png",
	    "ascent": 128,
	    "height": 1280,
	    "size": 10000.0,
	    "chars": [
	    "\uE001"
		]
        },
        {
            "type": "bitmap",
            "file": "minecraft:custom/white.png",
	    "ascent": 128,
	    "height": 1280,
	    "size": 10000.0,
	    "chars": [
	    "\uE002"
		]
        },
        {
            "type": "bitmap",
            "file": "minecraft:custom/salmon.png",
	    "ascent": 11,
	    "height": 18,
	    "size": 0.5,
	    "chars": [
	    "\uE222"
		]
        },
        {
            "type": "bitmap",
            "file": "minecraft:custom/cod.png",
	    "ascent": 11,
	    "height": 18,
	    "size": 0.5,
	    "chars": [
	    "\uE223"
		]
        },
        {
            "type": "bitmap",
            "file": "minecraft:custom/pereputie.png",
	    "ascent": 35,
	    "height": 69,
	    "size": 0.5,
	    "chars": [
	    "\uE240"
		]
        },
        {
            "type": "bitmap",
            "file": "minecraft:custom/dogovor.png",
	    "ascent": 50,
	    "height": 120,
	    "size": 0.5,
	    "chars": [
	    "\uE226"
		]
        },
        {
            "type": "bitmap",
            "file": "minecraft:custom/vjuh.png",
	    "ascent": 12,
	    "height": 16,
	    "size": 0.5,
	    "chars": [
	    "\uE225"
		]
        },
        {
            "type": "bitmap",
            "file": "minecraft:custom/credits1.png",
	    "ascent": 25,
	    "height": 49,
	    "size": 0.5,
	    "chars": [
	    "\uE249"
		]
        },
        {
            "type": "bitmap",
            "file": "minecraft:custom/credits2.png",
	    "ascent": 30,
	    "height": 65,
	    "size": 0.5,
	    "chars": [
	    "\uE241"
		]
        },
        {
            "type": "bitmap",
            "file": "minecraft:custom/credits3.png",
	    "ascent": 30,
	    "height": 65,
	    "size": 0.5,
	    "chars": [
	    "\uE242"
		]
        },
        {
            "type": "bitmap",
            "file": "minecraft:custom/credits4.png",
	    "ascent": 30,
	    "height": 65,
	    "size": 0.5,
	    "chars": [
	    "\uE243"
		]
        },
        {
            "type": "bitmap",
            "file": "minecraft:custom/credits5.png",
	    "ascent": 30,
	    "height": 65,
	    "size": 0.5,
	    "chars": [
	    "\uE244"
		]
        },
        {
            "type": "bitmap",
            "file": "minecraft:custom/credits6.png",
	    "ascent": 30,
	    "height": 65,
	    "size": 0.5,
	    "chars": [
	    "\uE245"
		]
        },
        {
            "type": "bitmap",
            "file": "minecraft:custom/credits7.png",
	    "ascent": 30,
	    "height": 65,
	    "size": 0.5,
	    "chars": [
	    "\uE246"
		]
        },
        {
            "type": "bitmap",
            "file": "minecraft:custom/credits8.png",
	    "ascent": 30,
	    "height": 65,
	    "size": 0.5,
	    "chars": [
	    "\uE247"
		]
        },
        {
            "type": "bitmap",
            "file": "minecraft:custom/credits9.png",
	    "ascent": 30,
	    "height": 65,
	    "size": 0.5,
	    "chars": [
	    "\uE248"
		]
        },
        {
            "type": "bitmap",
            "file": "minecraft:custom/yarko.png",
	    "ascent": 8,
	    "height": 8,
	    "size": 0.5,
	    "chars": [
	    "\uE227"
		]
        },
        {
            "type": "bitmap",
            "file": "minecraft:custom/tushite.png",
	    "ascent": 8,
	    "height": 8,
	    "size": 0.5,
	    "chars": [
	    "\uE228"
		]
        },
        {
            "type": "bitmap",
            "file": "minecraft:custom/chert.png",
	    "ascent": 8,
	    "height": 8,
	    "size": 0.5,
	    "chars": [
	    "\uE229"
		]
        },
        {
            "type": "bitmap",
            "file": "minecraft:custom/bong.png",
	    "ascent": 10,
	    "height": 36,
	    "size": 0.5,
	    "chars": [
	    "\uE22A"
		]
        },
        {
            "type": "bitmap",
            "file": "minecraft:custom/ulov.png",
	    "ascent": 64,
	    "height": 128,
	    "size": 0.5,
	    "chars": [
	    "\uE22B"
		]
        },
        {
            "type": "bitmap",
            "file": "minecraft:custom/chee.png",
	    "ascent": 37,
	    "height": 74,
	    "size": 0.5,
	    "chars": [
	    "\uE22C"
		]
        },
        {
            "type": "bitmap",
            "file": "minecraft:custom/textmudlo1.png",
	    "ascent": 16,
	    "height": 16,
	    "size": 0.5,
	    "chars": [
	    "\uE230"
		]
        },
        {
            "type": "bitmap",
            "file": "minecraft:custom/textmudlo2.png",
	    "ascent": 16,
	    "height": 16,
	    "size": 0.5,
	    "chars": [
	    "\uE231"
		]
        },
        {
            "type": "bitmap",
            "file": "minecraft:custom/textmudlo3.png",
	    "ascent": 16,
	    "height": 16,
	    "size": 0.5,
	    "chars": [
	    "\uE232"
		]
        },
        {
            "type": "bitmap",
            "file": "minecraft:custom/textmudlo4.png",
	    "ascent": 16,
	    "height": 16,
	    "size": 0.5,
	    "chars": [
	    "\uE233"
		]
        },
        {
            "type": "bitmap",
            "file": "minecraft:custom/key.png",
	    "ascent": 11,
	    "height": 14,
	    "size": 0.5,
	    "chars": [
	    "\uE224"
		]
        }
    ]
}
