{
    "providers": [
        {
            "type": "bitmap",
            "file": "minecraft:font/red_sphere.png",
            "ascent": 7,
            "height": 14,
            "chars": [
                "\u00FB"
            ]
        },
	{
            "type": "bitmap",
            "file": "minecraft:font/green_sphere.png",
            "ascent": 7,
            "height": 14,
            "chars": [
                "\u00FD"
            ]
        },
	{
            "type": "bitmap",
            "file": "minecraft:font/blue_sphere.png",
            "ascent": 7,
            "height": 14,
            "chars": [
                "\u0180"
            ]
        },
        {
            "type": "bitmap",
            "file": "minecraft:font/cb_menu_logo.png",
            "ascent": 0,
            "height": 24,
            "chars": [
                "\uE001"
            ]
    }
    ]
}
