{ 
"explosion": { 
"sounds": [ 
"explosion" 
] 
},
"pixelotion": { 
"sounds": [ 
"pixelotion" 
] 
},
"bah5": { 
"sounds": [ 
"bah5" 
] 
},
"yarko": { 
"sounds": [ 
"yarko" 
] 
},
"preyarko": { 
"sounds": [ 
"preyarko" 
] 
},
"chime": { 
"sounds": [ 
"chime" 
] 
},
"inside": { 
"sounds": [ 
"inside" 
] 
},
"immanis": { 
"sounds": [ 
"immanis" 
] 
},
"orchestra": { 
"sounds": [ 
"orchestra" 
] 
},
"finaltrack": { 
"sounds": [ 
"finaltrack" 
] 
},
"loading1": { 
"sounds": [ 
"loading1" 
] 
},
"loading2": { 
"sounds": [ 
"loading2" 
] 
},
"loading3": { 
"sounds": [ 
"loading3" 
] 
},
"loading4": { 
"sounds": [ 
"loading4" 
] 
},
"loading5": { 
"sounds": [ 
"loading5" 
] 
},
"loading6": { 
"sounds": [ 
"loading6" 
] 
},
"leverbrr": { 
"sounds": [ 
"leverbrr" 
] 
},
"keypickup": { 
"sounds": [ 
"keypickup" 
] 
},
"yourfear": { 
"sounds": [ 
"yourfear" 
] 
},
"krik": { 
"sounds": [ 
"krik" 
] 
},
"swordtake": { 
"sounds": [ 
"swordtake" 
] 
},
"malba1": { 
"sounds": [ 
"malba1" 
] 
},
"malba2": { 
"sounds": [ 
"malba2" 
] 
},
"speedrun": { 
"sounds": [ 
"speedrun" 
] 
},
"runfromdate": { 
"sounds": [ 
"runfromdate" 
] 
},
"applause": { 
"sounds": [ 
"applause" 
] 
},
"saul": { 
"sounds": [ 
"saul" 
] 
},
"sowwytrack": { 
"sounds": [ 
"sowwytrack" 
] 
},
"diasaul": { 
"sounds": [ 
"diasaul" 
] 
},
"introf": { 
"sounds": [ 
"introf" 
] 
},
"anxiety1": { 
"sounds": [ 
"anxiety1" 
] 
},
"anxiety2": { 
"sounds": [ 
"anxiety2" 
] 
},
"anxiety3": { 
"sounds": [ 
"anxiety3" 
] 
},
"anxiety4": { 
"sounds": [ 
"anxiety4" 
] 
},
"tdadventures": { 
"sounds": [ 
"tdadventures" 
] 
},
"blip": { 
"sounds": [ 
"blip" 
] 
},
"mudlo": { 
"sounds": [ 
"mudlo" 
] 
},
"mudlo2": { 
"sounds": [ 
"mudlo2" 
] 
},
"mudlo3": { 
"sounds": [ 
"mudlo3" 
] 
},
"mudlo4": { 
"sounds": [ 
"mudlo4" 
] 
},
"vrata": { 
"sounds": [ 
"vrata" 
] 
},
"suspence": { 
"sounds": [ 
"suspence" 
] 
},
"skrip": { 
"sounds": [ 
"skrip" 
] 
},
"parkour": { 
"sounds": [ 
"parkour" 
] 
},
"plus": { 
"sounds": [ 
"plus" 
] 
},
"scary": { 
"sounds": [ 
"scary" 
] 
},
"scaryy": { 
"sounds": [ 
"scaryy" 
] 
},
"drones": { 
"sounds": [ 
"drones" 
] 
},
"door": { 
"sounds": [ 
"door" 
] 
},
"doormetal": { 
"sounds": [ 
"doormetal" 
] 
},
"catqueen": { 
"sounds": [ 
"catqueen" 
] 
},
"music1": { 
"sounds": [ 
"music1" 
] 
},
"music2": { 
"sounds": [ 
"music2" 
] 
},
"music3": { 
"sounds": [ 
"music3" 
] 
},
"music4": { 
"sounds": [ 
"music4" 
] 
},
"minus": { 
"sounds": [ 
"minus" 
] 
},
"diavk": { 
"sounds": [ 
"diavk" 
] 
},
"diamuldowwy": { 
"sounds": [ 
"diamuldowwy" 
] 
},
"diavib1": { 
"sounds": [ 
"diavib1" 
] 
},
"diavib2": { 
"sounds": [ 
"diavib2" 
] 
},
"diavib3": { 
"sounds": [ 
"diavib3" 
] 
},
"diavib4": { 
"sounds": [ 
"diavib4" 
] 
},
"diavib5": { 
"sounds": [ 
"diavib5" 
] 
},
"diavib6": { 
"sounds": [ 
"diavib6" 
] 
},
"diavib7": { 
"sounds": [ 
"diavib7" 
] 
},
"diavib8": { 
"sounds": [ 
"diavib8" 
] 
},
"diavib9": { 
"sounds": [ 
"diavib9" 
] 
},
"diarifr1": { 
"sounds": [ 
"diarifr1" 
] 
},
"diarifr2": { 
"sounds": [ 
"diarifr2" 
] 
},
"diarifr3": { 
"sounds": [ 
"diarifr3" 
] 
},
"diarifr4": { 
"sounds": [ 
"diarifr4" 
] 
},
"diarifrkrush1": { 
"sounds": [ 
"diarifrkrush1" 
] 
},
"diarifrkrush2": { 
"sounds": [ 
"diarifrkrush2" 
] 
},

"diakrush1": { 
"sounds": [ 
"diakrush1" 
] 
},
"diakrush2": { 
"sounds": [ 
"diakrush2" 
] 
},
"diakrush3": { 
"sounds": [ 
"diakrush3" 
] 
},
"diakrush4": { 
"sounds": [ 
"diakrush4" 
] 
},
"diakrush5": { 
"sounds": [ 
"diakrush5" 
] 
},
"diakrush5h1": { 
"sounds": [ 
"diakrush5h1" 
] 
},
"diakrush5h2": { 
"sounds": [ 
"diakrush5h2" 
] 
},
"diakrush6": { 
"sounds": [ 
"diakrush6" 
] 
},
"diakrush7": { 
"sounds": [ 
"diakrush7" 
] 
},
"diakrush8": { 
"sounds": [ 
"diakrush8" 
] 
},
"diakrush9": { 
"sounds": [ 
"diakrush9" 
] 
},
"diakrush10": { 
"sounds": [ 
"diakrush10" 
] 
},
"diakrush11": { 
"sounds": [ 
"diakrush11" 
] 
},
"diakrush12": { 
"sounds": [ 
"diakrush12" 
] 
},
"diakrush13": { 
"sounds": [ 
"diakrush13" 
] 
},
"diakrush14": { 
"sounds": [ 
"diakrush14" 
] 
},
"diakrush15": { 
"sounds": [ 
"diakrush15" 
] 
},
"diakrush16": { 
"sounds": [ 
"diakrush16" 
] 
},
"diakrush17": { 
"sounds": [ 
"diakrush17" 
] 
},
"diakrush18": { 
"sounds": [ 
"diakrush18" 
] 
},
"diakrush19": { 
"sounds": [ 
"diakrush19" 
] 
},
"diakrush20": { 
"sounds": [ 
"diakrush20" 
] 
},
"diakrush21": { 
"sounds": [ 
"diakrush21" 
] 
},
"diakrush22": { 
"sounds": [ 
"diakrush22" 
] 
},
"diakrush23": { 
"sounds": [ 
"diakrush23" 
] 
},
"diakrush24": { 
"sounds": [ 
"diakrush24" 
] 
},
"diakrush25": { 
"sounds": [ 
"diakrush25" 
] 
},
"diakrush26": { 
"sounds": [ 
"diakrush26" 
] 
},
"diakrush27": { 
"sounds": [ 
"diakrush27" 
] 
},
"diakrush28": { 
"sounds": [ 
"diakrush28" 
] 
},
"diakrush29": { 
"sounds": [ 
"diakrush29" 
] 
},
"diakrush30": { 
"sounds": [ 
"diakrush30" 
] 
},
"diakrush31": { 
"sounds": [ 
"diakrush31" 
] 
},
"diakrush32": { 
"sounds": [ 
"diakrush32" 
] 
},
"diakrush33": { 
"sounds": [ 
"diakrush33" 
] 
},

"diamalba1": { 
"sounds": [ 
"diamalba1" 
] 
},
"diamalba2": { 
"sounds": [ 
"diamalba2" 
] 
},
"diavinf": { 
"sounds": [ 
"diavinf" 
] 
},
"diavin1": { 
"sounds": [ 
"diavin1" 
] 
},
"diavin2": { 
"sounds": [ 
"diavin2" 
] 
},
"diavin3": { 
"sounds": [ 
"diavin3" 
] 
},
"diavin4": { 
"sounds": [ 
"diavin4" 
] 
},
"diavin5": { 
"sounds": [ 
"diavin5" 
] 
},
"diavin6": { 
"sounds": [ 
"diavin6" 
] 
},
"diaral1": { 
"sounds": [ 
"diaral1" 
] 
},
"diaral2": { 
"sounds": [ 
"diaral2" 
] 
},
"diaral3": { 
"sounds": [ 
"diaral3" 
] 
},
"diaral4": { 
"sounds": [ 
"diaral4" 
] 
},
"diaral5": { 
"sounds": [ 
"diaral5" 
] 
},
"diaral6": { 
"sounds": [ 
"diaral6" 
] 
},
"diaral7": { 
"sounds": [ 
"diaral7" 
] 
},
"diaral8": { 
"sounds": [ 
"diaral8" 
] 
},
"diaral9": { 
"sounds": [ 
"diaral9" 
] 
},
"diaral10": { 
"sounds": [ 
"diaral10" 
] 
},
"diaralkrush": { 
"sounds": [ 
"diaralkrush" 
] 
},
"diadictor1": { 
"sounds": [ 
"diadictor1" 
] 
},
"diadictor2": { 
"sounds": [ 
"diadictor2" 
] 
},
"diadictor3": { 
"sounds": [ 
"diadictor3" 
] 
},
"diadictor4": { 
"sounds": [ 
"diadictor4" 
] 
},
"diadictor5": { 
"sounds": [ 
"diadictor5" 
] 
},
"diadictor6": { 
"sounds": [ 
"diadictor6" 
] 
},
"diadictor7": { 
"sounds": [ 
"diadictor7" 
] 
},
"diadictor8": { 
"sounds": [ 
"diadictor8" 
] 
},
"diadictor9": { 
"sounds": [ 
"diadictor9" 
] 
},
"diadictor10": { 
"sounds": [ 
"diadictor10" 
] 
},
"diadictor11": { 
"sounds": [ 
"diadictor11" 
] 
},
"diadictor12": { 
"sounds": [ 
"diadictor12" 
] 
},
"diadictor13": { 
"sounds": [ 
"diadictor13" 
] 
},
"diadictor14": { 
"sounds": [ 
"diadictor14" 
] 
},
"diadictor15": { 
"sounds": [ 
"diadictor15" 
] 
},
"talk1": { 
"sounds": [ 
"talk1" 
] 
},
"talk2": { 
"sounds": [ 
"talk2" 
] 
},
"breath": { 
"sounds": [ 
"breath" 
] 
}
}