{
	"credit": "Made with Blockbench",
	"textures": {
		"0": "item/archer_pottery_sherd",
		"particle": "item/archer_pottery_sherd"
	},
	"elements": [
		{
			"from": [-4.5, 0, 8],
			"to": [21.5, 16, 8],
			"faces": {
				"north": {"uv": [0, 0, 16, 16], "texture": "#0"},
				"east": {"uv": [0, 0, 0, 16], "texture": "#0"},
				"south": {"uv": [0, 0, 16, 16], "texture": "#0"},
				"west": {"uv": [0, 0, 0, 16], "texture": "#0"},
				"up": {"uv": [0, 0, 16, 0], "texture": "#0"},
				"down": {"uv": [0, 0, 16, 0], "texture": "#0"}
			}
		}
	]
}