{
	"credit": "Made with Blockbench",
	"textures": {
		"0": "item/armadillo_scute",
		"particle": "item/armadillo_scute"
	},
	"elements": [
		{
			"from": [0, 0, 3],
			"to": [0, 8, 13],
			"rotation": {"angle": 0, "axis": "y", "origin": [0, 4, 8]},
			"faces": {
				"north": {"uv": [0, 0, 0, 8], "texture": "#0"},
				"east": {"uv": [8, 0, 13, 4.5], "texture": "#0"},
				"south": {"uv": [0, 0, 0, 8], "texture": "#0"},
				"west": {"uv": [8, 0, 13, 4.5], "texture": "#0"},
				"up": {"uv": [0, 0, 0, 10], "texture": "#0"},
				"down": {"uv": [0, 0, 0, 10], "texture": "#0"}
			}
		},
		{
			"from": [16, 0, 3],
			"to": [16, 8, 13],
			"rotation": {"angle": 0, "axis": "y", "origin": [16, 4, 8]},
			"faces": {
				"north": {"uv": [0, 0, 0, 8], "texture": "#0"},
				"east": {"uv": [8, 4.5, 13, 9], "texture": "#0"},
				"south": {"uv": [0, 0, 0, 8], "texture": "#0"},
				"west": {"uv": [8, 4.5, 13, 9], "texture": "#0"},
				"up": {"uv": [0, 0, 0, 10], "texture": "#0"},
				"down": {"uv": [0, 0, 0, 10], "texture": "#0"}
			}
		},
		{
			"from": [0, 0, 3],
			"to": [16, 8, 3],
			"rotation": {"angle": 0, "axis": "y", "origin": [8, 4, 3]},
			"faces": {
				"north": {"uv": [0, 4.5, 8, 9], "texture": "#0"},
				"east": {"uv": [0, 0, 0, 8], "texture": "#0"},
				"south": {"uv": [0, 0, 8, 4.5], "texture": "#0"},
				"west": {"uv": [0, 0, 0, 8], "texture": "#0"},
				"up": {"uv": [0, 0, 16, 0], "texture": "#0"},
				"down": {"uv": [0, 0, 16, 0], "texture": "#0"}
			}
		},
		{
			"from": [0, 0, 13],
			"to": [16, 8, 13],
			"rotation": {"angle": 0, "axis": "y", "origin": [8, 4, 13]},
			"faces": {
				"north": {"uv": [0, 0, 8, 4.5], "texture": "#0"},
				"east": {"uv": [0, 0, 0, 8], "texture": "#0"},
				"south": {"uv": [0, 0, 8, 4.5], "texture": "#0"},
				"west": {"uv": [0, 0, 0, 8], "texture": "#0"},
				"up": {"uv": [0, 0, 16, 0], "texture": "#0"},
				"down": {"uv": [0, 0, 16, 0], "texture": "#0"}
			}
		},
		{
			"from": [0, 0, 3],
			"to": [16, 0.2, 13],
			"rotation": {"angle": 0, "axis": "y", "origin": [0, 4, 8]},
			"faces": {
				"north": {"uv": [0, 0, 16, 0.2], "texture": "#0"},
				"east": {"uv": [0, 0, 10, 0.2], "texture": "#0"},
				"south": {"uv": [0, 0, 16, 0.2], "texture": "#0"},
				"west": {"uv": [0, 0, 10, 0.2], "texture": "#0"},
				"up": {"uv": [0, 9, 8, 14], "texture": "#0"},
				"down": {"uv": [8, 9, 16, 14], "texture": "#0"}
			}
		},
		{
			"from": [0, 8, 3],
			"to": [16, 13, 3],
			"rotation": {"angle": -22.5, "axis": "x", "origin": [8, 8, 3]},
			"faces": {
				"north": {"uv": [8, 9, 16, 11.5], "rotation": 180, "texture": "#0"},
				"east": {"uv": [0, 0, 5, 0], "rotation": 90, "texture": "#0"},
				"south": {"uv": [8, 11.5, 16, 14], "texture": "#0"},
				"west": {"uv": [0, 0, 5, 0], "rotation": 270, "texture": "#0"},
				"up": {"uv": [0, 0, 16, 0], "texture": "#0"},
				"down": {"uv": [0, 0, 16, 0], "rotation": 180, "texture": "#0"}
			}
		},
		{
			"from": [0, 8, 13],
			"to": [16, 13, 13],
			"rotation": {"angle": 22.5, "axis": "x", "origin": [8, 8, 13]},
			"faces": {
				"north": {"uv": [8, 9, 16, 11.5], "rotation": 180, "texture": "#0"},
				"east": {"uv": [0, 0, 5, 0], "rotation": 270, "texture": "#0"},
				"south": {"uv": [8, 11.5, 16, 14], "texture": "#0"},
				"west": {"uv": [0, 0, 5, 0], "rotation": 90, "texture": "#0"},
				"up": {"uv": [0, 0, 16, 0], "rotation": 180, "texture": "#0"},
				"down": {"uv": [0, 0, 16, 0], "texture": "#0"}
			}
		}
	],
	"display": {
		"thirdperson_righthand": {
			"rotation": [28, 36, 0],
			"translation": [-4.25, 9.25, 0]
		},
		"thirdperson_lefthand": {
			"rotation": [39, -87, 0],
			"translation": [6, -4.75, 0]
		},
		"ground": {
			"translation": [0, 4, 0]
		},
		"gui": {
			"rotation": [20, 48, 0],
			"translation": [0, -0.25, 0]
		},
		"head": {
			"rotation": [0, 0, 180],
			"translation": [0, -4.5, 0],
			"scale": [1.5, 1.5, 1.5]
		},
		"fixed": {
			"rotation": [-90, 0, 0],
			"translation": [0, 0, -15.75],
			"scale": [2, 2, 2]
		}
	}
}