{
	"credit": "Made with Blockbench",
	"texture_size": [64, 64],
	"textures": {
		"0": "item/brown_dye",
		"particle": "item/brown_dye"
	},
	"elements": [
		{
			"name": "Left Leg",
			"from": [4.1, 0, 7],
			"to": [8.1, 12, 11],
			"rotation": {"angle": 22.5, "axis": "y", "origin": [6.1, 6, 9]},
			"faces": {
				"north": {"uv": [5, 13, 6, 16], "texture": "#0"},
				"east": {"uv": [4, 13, 5, 16], "texture": "#0"},
				"south": {"uv": [7, 13, 8, 16], "texture": "#0"},
				"west": {"uv": [6, 13, 7, 16], "texture": "#0"},
				"up": {"uv": [6, 13, 5, 12], "texture": "#0"},
				"down": {"uv": [7, 12, 6, 13], "texture": "#0"}
			}
		},
		{
			"name": "Left Leg Layer",
			"from": [3.85, -0.25, 6.75],
			"to": [8.35, 12.25, 11.25],
			"rotation": {"angle": 22.5, "axis": "y", "origin": [6.1, 6, 9]},
			"faces": {
				"north": {"uv": [1, 13, 2, 16], "texture": "#0"},
				"east": {"uv": [0, 13, 1, 16], "texture": "#0"},
				"south": {"uv": [3, 13, 4, 16], "texture": "#0"},
				"west": {"uv": [2, 13, 3, 16], "texture": "#0"},
				"up": {"uv": [2, 13, 1, 12], "texture": "#0"},
				"down": {"uv": [3, 12, 2, 13], "texture": "#0"}
			}
		},
		{
			"name": "Right Leg",
			"from": [7.9, 0, 7],
			"to": [11.9, 12, 11],
			"rotation": {"angle": -22.5, "axis": "y", "origin": [9.9, 6, 9]},
			"faces": {
				"north": {"uv": [1, 5, 2, 8], "texture": "#0"},
				"east": {"uv": [0, 5, 1, 8], "texture": "#0"},
				"south": {"uv": [3, 5, 4, 8], "texture": "#0"},
				"west": {"uv": [2, 5, 3, 8], "texture": "#0"},
				"up": {"uv": [2, 5, 1, 4], "texture": "#0"},
				"down": {"uv": [3, 4, 2, 5], "texture": "#0"}
			}
		},
		{
			"name": "Right Leg Layer",
			"from": [7.65, -0.25, 6.75],
			"to": [12.15, 12.25, 11.25],
			"rotation": {"angle": -22.5, "axis": "y", "origin": [9.9, 6, 9]},
			"faces": {
				"north": {"uv": [1, 9, 2, 12], "texture": "#0"},
				"east": {"uv": [0, 9, 1, 12], "texture": "#0"},
				"south": {"uv": [3, 9, 4, 12], "texture": "#0"},
				"west": {"uv": [2, 9, 3, 12], "texture": "#0"},
				"up": {"uv": [2, 9, 1, 8], "texture": "#0"},
				"down": {"uv": [3, 8, 2, 9], "texture": "#0"}
			}
		},
		{
			"name": "Left Arm",
			"from": [0, 10.5, 7],
			"to": [4, 22.5, 11],
			"rotation": {"angle": -22.5, "axis": "y", "origin": [2, 20.5, 9]},
			"faces": {
				"north": {"uv": [9, 13, 10, 16], "texture": "#0"},
				"east": {"uv": [8, 13, 9, 16], "texture": "#0"},
				"south": {"uv": [11, 13, 12, 16], "texture": "#0"},
				"west": {"uv": [10, 13, 11, 16], "texture": "#0"},
				"up": {"uv": [10, 13, 9, 12], "texture": "#0"},
				"down": {"uv": [11, 12, 10, 13], "texture": "#0"}
			}
		},
		{
			"name": "Left Arm Layer",
			"from": [-0.25, 10.25, 6.75],
			"to": [4.25, 22.75, 11.25],
			"rotation": {"angle": -22.5, "axis": "y", "origin": [2, 20.5, 9]},
			"faces": {
				"north": {"uv": [13, 13, 14, 16], "texture": "#0"},
				"east": {"uv": [12, 13, 13, 16], "texture": "#0"},
				"south": {"uv": [15, 13, 16, 16], "texture": "#0"},
				"west": {"uv": [14, 13, 15, 16], "texture": "#0"},
				"up": {"uv": [14, 13, 13, 12], "texture": "#0"},
				"down": {"uv": [15, 12, 14, 13], "texture": "#0"}
			}
		},
		{
			"name": "Right Arm",
			"from": [12, 10.75, 7],
			"to": [16, 22.75, 11],
			"rotation": {"angle": 22.5, "axis": "y", "origin": [14, 20.75, 9]},
			"faces": {
				"north": {"uv": [11, 5, 12, 8], "texture": "#0"},
				"east": {"uv": [10, 5, 11, 8], "texture": "#0"},
				"south": {"uv": [13, 5, 14, 8], "texture": "#0"},
				"west": {"uv": [12, 5, 13, 8], "texture": "#0"},
				"up": {"uv": [12, 5, 11, 4], "texture": "#0"},
				"down": {"uv": [13, 4, 12, 5], "texture": "#0"}
			}
		},
		{
			"name": "Right Arm Layer",
			"from": [11.75, 10.5, 6.75],
			"to": [16.25, 23, 11.25],
			"rotation": {"angle": 22.5, "axis": "y", "origin": [14, 20.75, 9]},
			"faces": {
				"north": {"uv": [11, 9, 12, 12], "texture": "#0"},
				"east": {"uv": [10, 9, 11, 12], "texture": "#0"},
				"south": {"uv": [13, 9, 14, 12], "texture": "#0"},
				"west": {"uv": [12, 9, 13, 12], "texture": "#0"},
				"up": {"uv": [12, 9, 11, 8], "texture": "#0"},
				"down": {"uv": [13, 8, 12, 9], "texture": "#0"}
			}
		},
		{
			"name": "Body",
			"from": [4, 12, 7],
			"to": [11.9, 24, 11],
			"rotation": {"angle": 0, "axis": "y", "origin": [8, 0, 9]},
			"faces": {
				"north": {"uv": [5.25, 5, 7, 8], "texture": "#0"},
				"east": {"uv": [4.25, 5, 5.25, 8], "texture": "#0"},
				"south": {"uv": [8, 5, 9.75, 8], "texture": "#0"},
				"west": {"uv": [7, 5, 8, 8], "texture": "#0"},
				"up": {"uv": [7, 5, 5.25, 4], "texture": "#0"},
				"down": {"uv": [8.75, 4, 7, 5], "texture": "#0"}
			}
		},
		{
			"name": "Body Layer",
			"from": [3.75, 11.75, 6.75],
			"to": [12.25, 24.25, 11.25],
			"rotation": {"angle": 0, "axis": "y", "origin": [8, 0, 9]},
			"faces": {
				"north": {"uv": [5, 9, 7, 12], "texture": "#0"},
				"east": {"uv": [4, 9, 5, 12], "texture": "#0"},
				"south": {"uv": [8, 9, 10, 12], "texture": "#0"},
				"west": {"uv": [7, 9, 8, 12], "texture": "#0"},
				"up": {"uv": [7, 9, 5, 8], "texture": "#0"},
				"down": {"uv": [9, 8, 7, 9], "texture": "#0"}
			}
		},
		{
			"name": "Head",
			"from": [4, 23.75, 2.5],
			"to": [12, 31.75, 10.5],
			"rotation": {"angle": -22.5, "axis": "x", "origin": [8, 28.57822, 7.94047]},
			"faces": {
				"north": {"uv": [2, 2, 4, 4], "texture": "#0"},
				"east": {"uv": [0, 2, 2, 4], "texture": "#0"},
				"south": {"uv": [6, 2, 8, 4], "texture": "#0"},
				"west": {"uv": [4, 2, 6, 4], "texture": "#0"},
				"up": {"uv": [4, 2, 2, 0], "texture": "#0"},
				"down": {"uv": [6, 0, 4, 2], "texture": "#0"}
			}
		},
		{
			"name": "Head",
			"from": [5, 25.75, 4.74298],
			"to": [11, 32, 10.74298],
			"rotation": {"angle": 22.5, "axis": "x", "origin": [8, 28.57822, 6.94047]},
			"faces": {
				"north": {"uv": [5.75, 6.75, 7.25, 8.25], "texture": "#0"},
				"east": {"uv": [4.25, 6.75, 5.75, 8.25], "texture": "#0"},
				"south": {"uv": [8.75, 6.75, 10.25, 8.25], "texture": "#0"},
				"west": {"uv": [7.25, 6.75, 8.75, 8.25], "texture": "#0"},
				"up": {"uv": [7.25, 6.75, 5.75, 5.25], "texture": "#0"},
				"down": {"uv": [8.75, 5.25, 7.25, 6.75], "texture": "#0"}
			}
		},
		{
			"name": "Head",
			"from": [2, 29.0834, 1.56727],
			"to": [14, 31.0834, 13.56727],
			"rotation": {"angle": 22.5, "axis": "x", "origin": [8, 28.57822, 7.94047]},
			"faces": {
				"north": {"uv": [7, 6.75, 9.5, 7.25], "texture": "#0"},
				"east": {"uv": [4.5, 6.75, 7, 7.25], "texture": "#0"},
				"south": {"uv": [9.75, 6.5, 12.25, 7], "texture": "#0"},
				"west": {"uv": [10.25, 6, 12.75, 6.5], "texture": "#0"},
				"up": {"uv": [9.5, 8, 7, 5.5], "texture": "#0"},
				"down": {"uv": [8, 5.5, 5.5, 8], "texture": "#0"}
			}
		}
	],
	"groups": [
		{
			"name": "leftleg",
			"origin": [-1.9, 12, 0],
			"color": 0,
			"children": [0, 1]
		},
		{
			"name": "rightleg",
			"origin": [1.9, 12, 0],
			"color": 0,
			"children": [2, 3]
		},
		{
			"name": "leftarm",
			"origin": [-5, 22, 0],
			"color": 0,
			"children": [4, 5]
		},
		{
			"name": "rightarm",
			"origin": [5, 22, 0],
			"color": 0,
			"children": [6, 7]
		},
		{
			"name": "body",
			"origin": [0, 18, 0],
			"color": 0,
			"children": [8, 9]
		},
		{
			"name": "head",
			"origin": [0, 24.75, 0],
			"color": 0,
			"children": [10, 11, 12]
		}
	]
}