{
	"credit": "Made with Blockbench",
	"textures": {
		"0": "item/cyan_dye",
		"particle": "item/cyan_dye"
	},
	"elements": [
		{
			"from": [4, 4, 14],
			"to": [12, 12, 16],
			"rotation": {"angle": 0, "axis": "y", "origin": [8, 8, 15]},
			"faces": {
				"north": {"uv": [0, 0, 8, 8], "texture": "#0"},
				"east": {"uv": [8, 0, 10, 8], "texture": "#0"},
				"south": {"uv": [0, 0, 8, 8], "texture": "#0"},
				"west": {"uv": [8, 0, 10, 8], "texture": "#0"},
				"up": {"uv": [0, 8, 8, 10], "texture": "#0"},
				"down": {"uv": [0, 8, 8, 10], "texture": "#0"}
			}
		},
		{
			"from": [7, 7, 8],
			"to": [9, 9, 14],
			"rotation": {"angle": 0, "axis": "y", "origin": [8, 8, 11]},
			"faces": {
				"north": {"uv": [8, 14, 10, 16], "texture": "#0"},
				"east": {"uv": [0, 14, 6, 16], "texture": "#0"},
				"south": {"uv": [0, 0, 2, 2], "texture": "#0"},
				"west": {"uv": [0, 14, 6, 16], "texture": "#0"},
				"up": {"uv": [8, 8, 10, 14], "texture": "#0"},
				"down": {"uv": [8, 9, 10, 15], "texture": "#0"}
			}
		},
		{
			"from": [7, 9, 8],
			"to": [9, 10, 10],
			"rotation": {"angle": 0, "axis": "x", "origin": [8, 10.5, 9]},
			"faces": {
				"north": {"uv": [8, 12, 10, 13], "rotation": 180, "texture": "#0"},
				"east": {"uv": [4, 14, 5, 16], "rotation": 90, "texture": "#0"},
				"south": {"uv": [8, 12, 10, 13], "texture": "#0"},
				"west": {"uv": [3, 14, 4, 16], "rotation": 270, "texture": "#0"},
				"up": {"uv": [6, 14, 8, 16], "texture": "#0"},
				"down": {"uv": [0, 0, 2, 2], "rotation": 180, "texture": "#0"}
			}
		},
		{
			"from": [7, 10, 4],
			"to": [9, 12, 10],
			"rotation": {"angle": 0, "axis": "y", "origin": [8, 11, 7]},
			"faces": {
				"north": {"uv": [1, 11, 3, 13], "texture": "#0"},
				"east": {"uv": [0, 11, 4, 13], "texture": "#0"},
				"south": {"uv": [2, 11, 4, 13], "texture": "#0"},
				"west": {"uv": [0, 12, 4, 14], "texture": "#0"},
				"up": {"uv": [0, 11, 2, 14], "texture": "#0"},
				"down": {"uv": [3, 11, 5, 14], "texture": "#0"}
			}
		}
	],
	"display": {
		"thirdperson_righthand": {
			"translation": [0, 4, 0],
			"scale": [0.75, 0.75, 0.75]
		},
		"firstperson_righthand": {
			"rotation": [16, 98, -20],
			"translation": [0.5, 0, 0]
		},
		"head": {
			"translation": [0, 14.25, 0]
		},
		"fixed": {
			"rotation": [-90, 0, 0],
			"translation": [0, 0, -25.5],
			"scale": [3.5, 3.5, 3.5]
		}
	}
}