{
	"credit": "Made with Blockbench",
	"textures": {
		"layer0": "item/ghast_tear"
	},
	"elements": [
		{
			"from": [0, 0, 0],
			"to": [16, 16, 16],
			"faces": {
				"north": {"uv": [8, 0, 16, 8], "texture": "#layer0"},
				"east": {"uv": [8, 0, 16, 8], "texture": "#layer0"},
				"south": {"uv": [8, 0, 16, 8], "texture": "#layer0"},
				"west": {"uv": [8, 0, 16, 8], "texture": "#layer0"},
				"up": {"uv": [0, 0, 8, 8], "texture": "#layer0"},
				"down": {"uv": [8, 8, 16, 16], "texture": "#layer0"}
			}
		},
		{
			"from": [7, 16, 1],
			"to": [9, 23, 15],
			"rotation": {"angle": 22.5, "axis": "y", "origin": [8, 19.5, 8]},
			"faces": {
				"north": {"uv": [0, 15, 1.75, 16], "texture": "#layer0"},
				"east": {"uv": [0, 8.5, 7, 12], "texture": "#layer0"},
				"south": {"uv": [0, 15.5, 2, 16], "texture": "#layer0"},
				"west": {"uv": [0, 12.5, 7, 16], "texture": "#layer0"},
				"up": {"uv": [0, 15.5, 2.75, 16], "rotation": 90, "texture": "#layer0"},
				"down": {"uv": [0, 14.5, 2, 16], "rotation": 270, "texture": "#layer0"}
			}
		},
		{
			"from": [0, 0, 0],
			"to": [0, 16, 16],
			"faces": {
				"north": {"uv": [8, 0, 16, 8], "texture": "#layer0"},
				"east": {"uv": [8, 0, 16, 8], "texture": "#layer0"},
				"south": {"uv": [8, 0, 16, 8], "texture": "#layer0"},
				"west": {"uv": [8, 0, 16, 8], "texture": "#layer0"},
				"up": {"uv": [0, 0, 8, 8], "texture": "#layer0"},
				"down": {"uv": [8, 8, 16, 16], "texture": "#layer0"}
			}
		},
		{
			"from": [16, 0, 0],
			"to": [16, 16, 16],
			"rotation": {"angle": 0, "axis": "y", "origin": [16, 0, 0]},
			"faces": {
				"north": {"uv": [8, 0, 16, 8], "texture": "#layer0"},
				"east": {"uv": [8, 0, 16, 8], "texture": "#layer0"},
				"south": {"uv": [8, 0, 16, 8], "texture": "#layer0"},
				"west": {"uv": [8, 0, 16, 8], "texture": "#layer0"},
				"up": {"uv": [0, 0, 8, 8], "texture": "#layer0"},
				"down": {"uv": [8, 8, 16, 16], "texture": "#layer0"}
			}
		},
		{
			"from": [0, 0, 0],
			"to": [16, 16, 0],
			"faces": {
				"north": {"uv": [8, 0, 16, 8], "texture": "#layer0"},
				"east": {"uv": [8, 0, 16, 8], "texture": "#layer0"},
				"south": {"uv": [8, 0, 16, 8], "texture": "#layer0"},
				"west": {"uv": [8, 0, 16, 8], "texture": "#layer0"},
				"up": {"uv": [0, 0, 8, 8], "texture": "#layer0"},
				"down": {"uv": [8, 8, 16, 16], "texture": "#layer0"}
			}
		},
		{
			"from": [0, 0, 16],
			"to": [16, 16, 16],
			"rotation": {"angle": 0, "axis": "y", "origin": [0, 0, 16]},
			"faces": {
				"north": {"uv": [8, 0, 16, 8], "texture": "#layer0"},
				"east": {"uv": [8, 0, 16, 8], "texture": "#layer0"},
				"south": {"uv": [8, 0, 16, 8], "texture": "#layer0"},
				"west": {"uv": [8, 0, 16, 8], "texture": "#layer0"},
				"up": {"uv": [0, 0, 8, 8], "texture": "#layer0"},
				"down": {"uv": [8, 8, 16, 16], "texture": "#layer0"}
			}
		},
		{
			"from": [0, 16, 0],
			"to": [16, 16, 16],
			"rotation": {"angle": 0, "axis": "x", "origin": [8, 24, 8]},
			"faces": {
				"north": {"uv": [8, 0, 16, 8], "rotation": 180, "texture": "#layer0"},
				"east": {"uv": [8, 0, 16, 8], "rotation": 180, "texture": "#layer0"},
				"south": {"uv": [8, 0, 16, 8], "rotation": 180, "texture": "#layer0"},
				"west": {"uv": [8, 0, 16, 8], "rotation": 180, "texture": "#layer0"},
				"up": {"uv": [8, 8, 16, 16], "texture": "#layer0"},
				"down": {"uv": [0, 0, 8, 8], "texture": "#layer0"}
			}
		}
	],
	"display": {
		"thirdperson_righthand": {
			"scale": [0.5, 0.5, 0.5]
		},
		"thirdperson_lefthand": {
			"rotation": [-117, -91, 0],
			"translation": [-0.25, -11, -1],
			"scale": [1.2, 1.2, 0.8]
		},
		"firstperson_righthand": {
			"rotation": [-59, -82, 16],
			"translation": [2.5, 1.75, -2],
			"scale": [1.2, 1.2, 0.8]
		}
	}
}