{
	"credit": "Made with Blockbench",
	"texture_size": [24, 24],
	"textures": {
		"0": "item/gray_dye",
		"particle": "item/gray_dye"
	},
	"elements": [
		{
			"from": [2, 0.5, 2],
			"to": [14, 0.5, 14],
			"rotation": {"angle": 0, "axis": "y", "origin": [2, 0.5, 2]},
			"faces": {
				"north": {"uv": [0, 0, 12, 0], "texture": "#0"},
				"east": {"uv": [0, 0, 12, 0], "texture": "#0"},
				"south": {"uv": [0, 0, 12, 0], "texture": "#0"},
				"west": {"uv": [0, 0, 12, 0], "texture": "#0"},
				"up": {"uv": [0, 0, 8, 8], "texture": "#0"},
				"down": {"uv": [0, 0, 8, 8], "texture": "#0"}
			}
		},
		{
			"from": [5.5, 0.75, 3.5],
			"to": [10.5, 3.75, 12.5],
			"rotation": {"angle": 0, "axis": "y", "origin": [5.5, 0.75, 3.5]},
			"faces": {
				"north": {"uv": [0, 8, 3.33333, 10], "texture": "#0"},
				"east": {"uv": [0, 14, 6, 16], "texture": "#0"},
				"south": {"uv": [0, 10, 3.33333, 12], "texture": "#0"},
				"west": {"uv": [0, 14, 6, 16], "texture": "#0"},
				"up": {"uv": [3.33333, 8, 6.66667, 14], "texture": "#0"},
				"down": {"uv": [6.66667, 8, 10, 14], "texture": "#0"}
			}
		},
		{
			"from": [5.4, 0.65, 3.4],
			"to": [10.65, 3.9, 12.65],
			"rotation": {"angle": 0, "axis": "y", "origin": [8.15, 2.15, 7.9]},
			"faces": {
				"north": {"uv": [0, 12, 3.33333, 14], "texture": "#0"},
				"east": {"uv": [10, 6.66667, 16, 8.66667], "texture": "#0"},
				"south": {"uv": [8.66667, 0.66667, 12, 2.66667], "texture": "#0"},
				"west": {"uv": [10, 6.66667, 16, 8.66667], "texture": "#0"},
				"up": {"uv": [12.66667, 0, 16, 6], "texture": "#0"},
				"down": {"uv": [12.66667, 10, 16, 16], "texture": "#0"}
			}
		}
	],
	"display": {
		"thirdperson_righthand": {
			"rotation": [79, 0, 0],
			"translation": [0, 4, 7]
		},
		"thirdperson_lefthand": {
			"translation": [0, 6, 0]
		},
		"firstperson_righthand": {
			"rotation": [0, -1, 0],
			"translation": [0, 6.75, 0]
		},
		"firstperson_lefthand": {
			"rotation": [0, 103, 0],
			"translation": [-0.25, 7.25, -3.5]
		},
		"ground": {
			"translation": [0, 4.25, 0]
		},
		"gui": {
			"rotation": [34, 47, 0],
			"translation": [0, 4.5, 0],
			"scale": [1.2, 1.2, 1.2]
		},
		"head": {
			"translation": [0, 22, 0],
			"scale": [2, 2, 2]
		},
		"fixed": {
			"rotation": [-90, 0, 0],
			"translation": [0, 0, -14.5],
			"scale": [2, 2, 2]
		}
	}
}