{
	"credit": "Made with Blockbench",
	"textures": {
		"layer0": "item/prismarine_shard"
	},
	"elements": [
		{
			"from": [0, 0, 8],
			"to": [16, 16, 8],
			"faces": {
				"north": {"uv": [0, 0, 16, 16], "texture": "#layer0"},
				"east": {"uv": [0, 0, 0, 16], "texture": "#layer0"},
				"south": {"uv": [0, 0, 16, 16], "texture": "#layer0"},
				"west": {"uv": [0, 0, 0, 16], "texture": "#layer0"},
				"up": {"uv": [0, 0, 16, 0], "texture": "#layer0"},
				"down": {"uv": [0, 0, 16, 0], "texture": "#layer0"}
			}
		}
	],
	"display": {
		"firstperson_righthand": {
			"translation": [-1, 8.5, 0]
		},
		"firstperson_lefthand": {
			"translation": [1.5, 4.25, 0],
			"scale": [0.5, 0.5, 0.5]
		},
		"gui": {
			"rotation": [-24, 0, 0],
			"translation": [-0.5, 0, 4],
			"scale": [1, 1, 1.04]
		},
		"head": {
			"translation": [1.25, 0, -7.25],
			"scale": [1.63, 1.63, 1.72]
		}
	}
}