{
	"credit": "Made with Blockbench",
	"textures": {
		"0": "item/purple_dye",
		"particle": "item/purple_dye"
	},
	"elements": [
		{
			"from": [1, 1, 8],
			"to": [15, 9, 15],
			"rotation": {"angle": 0, "axis": "y", "origin": [8, 6, 11.5]},
			"faces": {
				"north": {"uv": [0, 0, 8, 5.33333], "texture": "#0"},
				"east": {"uv": [0, 10.66667, 4.66667, 16], "texture": "#0"},
				"south": {"uv": [8, 0, 0, 5.33333], "texture": "#0"},
				"west": {"uv": [0, 10.66667, 4.66667, 16], "texture": "#0"},
				"up": {"uv": [8, 5.33333, 16, 2.33333], "texture": "#0"},
				"down": {"uv": [8, 5.33333, 16, 8.33333], "texture": "#0"}
			}
		},
		{
			"from": [3, 6.75, 4.75],
			"to": [13, 10.75, 11.75],
			"rotation": {"angle": 22.5, "axis": "x", "origin": [10, 6.75, 8.25]},
			"faces": {
				"north": {"uv": [0, 0, 8, 5.33333], "texture": "#0"},
				"east": {"uv": [0, 0, 8, 5.33333], "texture": "#0"},
				"south": {"uv": [8, 0, 0, 5.33333], "texture": "#0"},
				"west": {"uv": [0, 0, 8, 5.33333], "texture": "#0"},
				"up": {"uv": [8, 4.66667, 16, 8.33333], "texture": "#0"},
				"down": {"uv": [0, 0, 8, 5.33333], "texture": "#0"}
			}
		},
		{
			"from": [0, 0, 1],
			"to": [16, 12, 8],
			"rotation": {"angle": 0, "axis": "y", "origin": [8, 5.5, 4.5]},
			"faces": {
				"north": {"uv": [0, 5.33333, 8, 10.66667], "texture": "#0"},
				"east": {"uv": [13.66667, 12, 16, 16], "texture": "#0"},
				"south": {"uv": [8, 0, 0, 5.33333], "texture": "#0"},
				"west": {"uv": [13.66667, 12, 16, 16], "texture": "#0"},
				"up": {"uv": [16, 5.33333, 8, 3], "texture": "#0"},
				"down": {"uv": [8, 5.33333, 16, 8.33333], "texture": "#0"}
			}
		},
		{
			"from": [0.5, 0.5, 3],
			"to": [15.5, 11.5, 3],
			"rotation": {"angle": 0, "axis": "y", "origin": [8, 5.5, 4.5]},
			"faces": {
				"north": {"uv": [4.66667, 10.66667, 12.66667, 16], "texture": "#0"},
				"east": {"uv": [13.66667, 12, 16, 16], "texture": "#0"},
				"south": {"uv": [8, 0, 0, 5.33333], "texture": "#0"},
				"west": {"uv": [13.66667, 12, 16, 16], "texture": "#0"},
				"up": {"uv": [16, 5.33333, 8, 3], "texture": "#0"},
				"down": {"uv": [8, 5.33333, 16, 8.33333], "texture": "#0"}
			}
		},
		{
			"from": [0.5, 0.5, 1.25],
			"to": [1.5, 11.5, 3.25],
			"rotation": {"angle": 0, "axis": "y", "origin": [8, 5.5, 4.5]},
			"faces": {
				"north": {"uv": [3.33333, 10.66667, 4, 16], "texture": "#0"},
				"east": {"uv": [4, 11, 4.66667, 16], "texture": "#0"},
				"south": {"uv": [4.66667, 11, 4, 16], "texture": "#0"},
				"west": {"uv": [2, 11, 2.66667, 16], "texture": "#0"},
				"up": {"uv": [16, 5.33333, 8, 3], "texture": "#0"},
				"down": {"uv": [8, 5.33333, 16, 8.33333], "texture": "#0"}
			}
		},
		{
			"from": [14.5, 0.5, 1.25],
			"to": [15.5, 11.5, 3.25],
			"rotation": {"angle": 0, "axis": "y", "origin": [8, 5.5, 4.5]},
			"faces": {
				"north": {"uv": [3.33333, 10.66667, 4, 16], "texture": "#0"},
				"east": {"uv": [4, 11, 4.66667, 16], "texture": "#0"},
				"south": {"uv": [4.66667, 11, 4, 16], "texture": "#0"},
				"west": {"uv": [2, 11, 2.66667, 16], "texture": "#0"},
				"up": {"uv": [16, 5.33333, 8, 3], "texture": "#0"},
				"down": {"uv": [8, 5.33333, 16, 8.33333], "texture": "#0"}
			}
		},
		{
			"from": [0.75, 0.5, 1.25],
			"to": [15.75, 1.5, 3.25],
			"rotation": {"angle": 0, "axis": "y", "origin": [8, 5.5, 4.5]},
			"faces": {
				"north": {"uv": [3.33333, 10.66667, 4, 16], "texture": "#0"},
				"east": {"uv": [4, 11, 4.66667, 16], "texture": "#0"},
				"south": {"uv": [4.66667, 11, 4, 16], "texture": "#0"},
				"west": {"uv": [2, 11, 2.66667, 16], "texture": "#0"},
				"up": {"uv": [6.33333, 6, 1.66667, 5.33333], "texture": "#0"},
				"down": {"uv": [8, 5.33333, 16, 8.33333], "texture": "#0"}
			}
		},
		{
			"from": [0.75, 10.5, 1.25],
			"to": [15.75, 11.5, 3.25],
			"rotation": {"angle": 0, "axis": "y", "origin": [8, 5.5, 4.5]},
			"faces": {
				"north": {"uv": [3.33333, 10.66667, 4, 16], "texture": "#0"},
				"east": {"uv": [4, 11, 4.66667, 16], "texture": "#0"},
				"south": {"uv": [4.66667, 11, 4, 16], "texture": "#0"},
				"west": {"uv": [2, 11, 2.66667, 16], "texture": "#0"},
				"up": {"uv": [6.33333, 6, 1.66667, 5.33333], "texture": "#0"},
				"down": {"uv": [0, 4.66667, 8, 5.33333], "texture": "#0"}
			}
		},
		{
			"from": [5, 12, 3.25],
			"to": [11, 14, 6.25],
			"rotation": {"angle": 0, "axis": "y", "origin": [8, 6, 11.5]},
			"faces": {
				"north": {"uv": [8, 0, 10, 0.66667], "texture": "#0"},
				"east": {"uv": [9, 0, 10, 0.66667], "texture": "#0"},
				"south": {"uv": [10, 0, 8, 0.66667], "texture": "#0"},
				"west": {"uv": [9, 0, 10, 0.66667], "texture": "#0"},
				"up": {"uv": [8, 1, 10, 0], "texture": "#0"},
				"down": {"uv": [8, 5.33333, 16, 8.33333], "texture": "#0"}
			}
		},
		{
			"from": [2.5454, 12.82643, 4.5],
			"to": [7.5454, 23.82643, 4.5],
			"rotation": {"angle": 22.5, "axis": "z", "origin": [5.0454, 19.32643, 4.5]},
			"faces": {
				"north": {"uv": [8, 8.33333, 14.66667, 10.66667], "rotation": 90, "texture": "#0"},
				"east": {"uv": [8, 5.33333, 16, 8.33333], "rotation": 270, "texture": "#0"},
				"south": {"uv": [14.66667, 8.33333, 8, 10.66667], "rotation": 270, "texture": "#0"},
				"west": {"uv": [8, 1, 10, 0], "rotation": 270, "texture": "#0"},
				"up": {"uv": [9, 0, 10, 0.66667], "rotation": 270, "texture": "#0"},
				"down": {"uv": [9, 0, 10, 0.66667], "rotation": 270, "texture": "#0"}
			}
		},
		{
			"from": [7.2954, 14.32643, 2],
			"to": [12.2954, 14.32643, 13],
			"rotation": {"angle": -22.5, "axis": "x", "origin": [5.0454, 19.32643, 4.5]},
			"faces": {
				"north": {"uv": [9, 0, 10, 0.66667], "rotation": 90, "texture": "#0"},
				"east": {"uv": [8, 5.33333, 16, 8.33333], "rotation": 180, "texture": "#0"},
				"south": {"uv": [9, 0, 10, 0.66667], "rotation": 270, "texture": "#0"},
				"west": {"uv": [8, 1, 10, 0], "texture": "#0"},
				"up": {"uv": [8, 10.66667, 14.66667, 8.33333], "rotation": 270, "texture": "#0"},
				"down": {"uv": [14.66667, 8.33333, 8, 10.66667], "rotation": 270, "texture": "#0"}
			}
		}
	],
	"display": {
		"thirdperson_righthand": {
			"scale": [0.93, 1, 1]
		},
		"firstperson_righthand": {
			"rotation": [0, 145, 0],
			"translation": [-0.5, 6.75, 0],
			"scale": [0.7, 0.7, 0.7]
		},
		"firstperson_lefthand": {
			"rotation": [7, 140, 0],
			"translation": [-4.25, 7.25, 0],
			"scale": [0.7, 0.7, 0.7]
		},
		"gui": {
			"rotation": [0, -152, 0],
			"translation": [0, -0.25, 0]
		},
		"head": {
			"translation": [0, 1.9, 0],
			"scale": [0.95, 1.2, 1]
		},
		"fixed": {
			"rotation": [-90, 0, 0],
			"translation": [0, 0, -22.5],
			"scale": [3, 3, 3]
		}
	}
}