{
	"credit": "Made with Blockbench",
	"textures": {
		"0": "item/sentry_armor_trim_smithing_template",
		"particle": "item/sentry_armor_trim_smithing_template"
	},
	"elements": [
		{
			"from": [3, 2, 3],
			"to": [13, 32, 13],
			"faces": {
				"north": {"uv": [0, 0, 5, 15], "texture": "#0"},
				"east": {"uv": [0, 0, 5, 15], "texture": "#0"},
				"south": {"uv": [0, 0, 5, 15], "texture": "#0"},
				"west": {"uv": [0, 0, 5, 15], "texture": "#0"},
				"up": {"uv": [5, 0, 10, 5], "texture": "#0"},
				"down": {"uv": [5, 5, 10, 10], "texture": "#0"}
			}
		},
		{
			"from": [12.5, 0, 3],
			"to": [12.5, 2, 13],
			"faces": {
				"north": {"uv": [0, 0, 0, 2], "texture": "#0"},
				"east": {"uv": [0, 15, 5, 16], "texture": "#0"},
				"south": {"uv": [0, 0, 0, 2], "texture": "#0"},
				"west": {"uv": [0, 15, 5, 16], "texture": "#0"},
				"up": {"uv": [0, 0, 0, 10], "texture": "#0"},
				"down": {"uv": [0, 0, 0, 10], "texture": "#0"}
			}
		},
		{
			"from": [2, 0, -5],
			"to": [2, 2, 5],
			"rotation": {"angle": 45, "axis": "y", "origin": [15, 1, -3]},
			"faces": {
				"north": {"uv": [0, 0, 0, 2], "texture": "#0"},
				"east": {"uv": [0, 15, 5, 16], "texture": "#0"},
				"south": {"uv": [0, 0, 0, 2], "texture": "#0"},
				"west": {"uv": [0, 15, 5, 16], "texture": "#0"},
				"up": {"uv": [0, 0, 0, 10], "texture": "#0"},
				"down": {"uv": [0, 0, 0, 10], "texture": "#0"}
			}
		},
		{
			"from": [7.92893, 0, 3.31371],
			"to": [7.92893, 2, 13.31371],
			"rotation": {"angle": -45, "axis": "y", "origin": [7.92893, 1, 8.31371]},
			"faces": {
				"north": {"uv": [0, 0, 0, 2], "texture": "#0"},
				"east": {"uv": [0, 15, 5, 16], "texture": "#0"},
				"south": {"uv": [0, 0, 0, 2], "texture": "#0"},
				"west": {"uv": [0, 15, 5, 16], "texture": "#0"},
				"up": {"uv": [0, 0, 0, 10], "texture": "#0"},
				"down": {"uv": [0, 0, 0, 10], "texture": "#0"}
			}
		},
		{
			"from": [3.5, 0, 3],
			"to": [3.5, 2, 13],
			"faces": {
				"north": {"uv": [0, 0, 0, 2], "texture": "#0"},
				"east": {"uv": [0, 15, 5, 16], "texture": "#0"},
				"south": {"uv": [0, 0, 0, 2], "texture": "#0"},
				"west": {"uv": [0, 15, 5, 16], "texture": "#0"},
				"up": {"uv": [0, 0, 0, 10], "texture": "#0"},
				"down": {"uv": [0, 0, 0, 10], "texture": "#0"}
			}
		},
		{
			"from": [3, 0, 3.5],
			"to": [13, 2, 3.5],
			"rotation": {"angle": 0, "axis": "y", "origin": [8, 1, -8]},
			"faces": {
				"north": {"uv": [0, 15, 5, 16], "texture": "#0"},
				"east": {"uv": [0, 0, 0, 2], "texture": "#0"},
				"south": {"uv": [0, 15, 5, 16], "texture": "#0"},
				"west": {"uv": [0, 0, 0, 2], "texture": "#0"},
				"up": {"uv": [0, 0, 0, 10], "rotation": 270, "texture": "#0"},
				"down": {"uv": [0, 0, 0, 10], "rotation": 90, "texture": "#0"}
			}
		},
		{
			"from": [3, 0, 12.5],
			"to": [13, 2, 12.5],
			"rotation": {"angle": 0, "axis": "y", "origin": [8, 1, -8]},
			"faces": {
				"north": {"uv": [0, 15, 5, 16], "texture": "#0"},
				"east": {"uv": [0, 0, 0, 2], "texture": "#0"},
				"south": {"uv": [0, 15, 5, 16], "texture": "#0"},
				"west": {"uv": [0, 0, 0, 2], "texture": "#0"},
				"up": {"uv": [0, 0, 0, 10], "rotation": 270, "texture": "#0"},
				"down": {"uv": [0, 0, 0, 10], "rotation": 90, "texture": "#0"}
			}
		},
		{
			"from": [3, 5, 1],
			"to": [13, 5, 3],
			"rotation": {"angle": 0, "axis": "x", "origin": [8, 5, 2]},
			"faces": {
				"north": {"uv": [0, 0, 0, 10], "rotation": 270, "texture": "#0"},
				"east": {"uv": [0, 0, 0, 2], "rotation": 270, "texture": "#0"},
				"south": {"uv": [0, 0, 0, 10], "rotation": 270, "texture": "#0"},
				"west": {"uv": [0, 0, 0, 2], "rotation": 90, "texture": "#0"},
				"up": {"uv": [0, 15, 5, 16], "rotation": 180, "texture": "#0"},
				"down": {"uv": [0, 15, 5, 16], "texture": "#0"}
			}
		},
		{
			"from": [3, 5, 13],
			"to": [13, 5, 15],
			"rotation": {"angle": 0, "axis": "x", "origin": [8, 5, 14]},
			"faces": {
				"north": {"uv": [0, 0, 0, 10], "rotation": 90, "texture": "#0"},
				"east": {"uv": [0, 0, 0, 2], "rotation": 90, "texture": "#0"},
				"south": {"uv": [0, 0, 0, 10], "rotation": 90, "texture": "#0"},
				"west": {"uv": [0, 0, 0, 2], "rotation": 270, "texture": "#0"},
				"up": {"uv": [0, 15, 5, 16], "texture": "#0"},
				"down": {"uv": [0, 15, 5, 16], "rotation": 180, "texture": "#0"}
			}
		},
		{
			"from": [1, 5, 3],
			"to": [3, 5, 13],
			"rotation": {"angle": 0, "axis": "z", "origin": [2, 5, 8]},
			"faces": {
				"north": {"uv": [0, 0, 0, 2], "rotation": 270, "texture": "#0"},
				"east": {"uv": [0, 0, 0, 10], "rotation": 90, "texture": "#0"},
				"south": {"uv": [0, 0, 0, 2], "rotation": 90, "texture": "#0"},
				"west": {"uv": [0, 0, 0, 10], "rotation": 90, "texture": "#0"},
				"up": {"uv": [0, 15, 5, 16], "rotation": 90, "texture": "#0"},
				"down": {"uv": [0, 15, 5, 16], "rotation": 90, "texture": "#0"}
			}
		},
		{
			"from": [13, 5, 3],
			"to": [15, 5, 13],
			"rotation": {"angle": 0, "axis": "z", "origin": [14, 5, 8]},
			"faces": {
				"north": {"uv": [0, 0, 0, 2], "rotation": 90, "texture": "#0"},
				"east": {"uv": [0, 0, 0, 10], "rotation": 270, "texture": "#0"},
				"south": {"uv": [0, 0, 0, 2], "rotation": 270, "texture": "#0"},
				"west": {"uv": [0, 0, 0, 10], "rotation": 270, "texture": "#0"},
				"up": {"uv": [0, 15, 5, 16], "rotation": 270, "texture": "#0"},
				"down": {"uv": [0, 15, 5, 16], "rotation": 270, "texture": "#0"}
			}
		}
	],
	"display": {
		"head": {
			"translation": [0, 14.25, 0]
		},
		"fixed": {
			"rotation": [-90, 0, 0],
			"translation": [0, 0, -22.5],
			"scale": [3, 3, 3]
		}
	}
}