{
	"credit": "Made with Blockbench",
	"texture_size": [64, 64],
	"textures": {
		"0": "item/white_dye",
		"particle": "item/white_dye"
	},
	"elements": [
		{
			"from": [2, 0, 2],
			"to": [14, 5, 14],
			"faces": {
				"north": {"uv": [2.25, 6, 5.25, 7.25], "texture": "#0"},
				"east": {"uv": [6, 2.25, 9, 3.5], "texture": "#0"},
				"south": {"uv": [6, 3.5, 9, 4.75], "texture": "#0"},
				"west": {"uv": [6, 4.75, 9, 6], "texture": "#0"},
				"up": {"uv": [3, 3, 0, 0], "texture": "#0"},
				"down": {"uv": [3, 3, 0, 6], "texture": "#0"}
			}
		},
		{
			"from": [1.75, 0, 1.75],
			"to": [14.25, 5.2, 14.25],
			"faces": {
				"north": {"uv": [5.25, 6, 8.25, 7.25], "texture": "#0"},
				"east": {"uv": [2.25, 7.25, 5.25, 8.5], "texture": "#0"},
				"south": {"uv": [5.25, 7.25, 8.25, 8.5], "texture": "#0"},
				"west": {"uv": [8.25, 0, 11.25, 1.25], "texture": "#0"},
				"up": {"uv": [6, 3, 3, 0], "texture": "#0"},
				"down": {"uv": [6, 3, 3, 6], "texture": "#0"}
			}
		},
		{
			"from": [5, 8.25, 4.75],
			"to": [10, 17.25, 13.75],
			"rotation": {"angle": 45, "axis": "y", "origin": [8, 10, 8]},
			"faces": {
				"north": {"uv": [0, 8.25, 1.25, 10.5], "texture": "#0"},
				"east": {"uv": [0, 6, 2.25, 8.25], "texture": "#0"},
				"south": {"uv": [8.25, 6, 9.5, 8.25], "texture": "#0"},
				"west": {"uv": [6, 0, 8.25, 2.25], "texture": "#0"},
				"up": {"uv": [9.5, 10.5, 8.25, 8.25], "texture": "#0"},
				"down": {"uv": [2.5, 8.5, 1.25, 10.75], "texture": "#0"}
			}
		},
		{
			"from": [2, 7.5, 6.5],
			"to": [5, 12.5, 11.5],
			"rotation": {"angle": 45, "axis": "y", "origin": [8, 10, 8]},
			"faces": {
				"north": {"uv": [5, 8.5, 5.75, 9.75], "texture": "#0"},
				"east": {"uv": [2.5, 8.5, 3.75, 9.75], "texture": "#0"},
				"south": {"uv": [5.75, 8.5, 6.5, 9.75], "texture": "#0"},
				"west": {"uv": [3.75, 8.5, 5, 9.75], "texture": "#0"},
				"up": {"uv": [7.25, 9.75, 6.5, 8.5], "texture": "#0"},
				"down": {"uv": [8, 8.5, 7.25, 9.75], "texture": "#0"}
			}
		},
		{
			"from": [2, 4.75, 6.5],
			"to": [5, 7.75, 9.5],
			"rotation": {"angle": 22.5, "axis": "y", "origin": [8, 10, 8]},
			"faces": {
				"north": {"uv": [8.25, 1.25, 9, 2], "texture": "#0"},
				"east": {"uv": [9, 1.25, 9.75, 2], "texture": "#0"},
				"south": {"uv": [9, 2, 9.75, 2.75], "texture": "#0"},
				"west": {"uv": [9, 2.75, 9.75, 3.5], "texture": "#0"},
				"up": {"uv": [9.75, 4.25, 9, 3.5], "texture": "#0"},
				"down": {"uv": [9.75, 4.25, 9, 5], "texture": "#0"}
			}
		}
	],
	"display": {
		"thirdperson_righthand": {
			"rotation": [54, 180, -102],
			"translation": [-6.25, 2, 0],
			"scale": [1.25, 1.25, 1.25]
		},
		"thirdperson_lefthand": {
			"rotation": [48, -0.1, -2.99],
			"translation": [-5, 5.75, 6.25]
		},
		"firstperson_righthand": {
			"rotation": [-21, 138, 9],
			"translation": [2.25, 2, -3.75],
			"scale": [1.25, 1.25, 1.25]
		},
		"firstperson_lefthand": {
			"rotation": [0, 130, 0],
			"translation": [-9, 7.5, 3.25]
		},
		"ground": {
			"rotation": [-90, 0, 0],
			"translation": [0, -2, 0],
			"scale": [2, 2, 2]
		},
		"gui": {
			"rotation": [0, 180, 0],
			"scale": [1.5, 1.5, 1.5]
		},
		"head": {
			"translation": [0, 21, 0],
			"scale": [2, 2, 2]
		},
		"fixed": {
			"rotation": [-90, 0, 0],
			"translation": [0, 0, -14.25],
			"scale": [2, 2, 2]
		}
	},
	"animated_java": {
		"rigs": {
			"deimos_animation": {
				"used_ids": [2, 3, 4, 5, 6, 7, 8, 9, 10, 11]
			}
		}
	}
}